-60,-90,-180,-150,1961,11,285.1,306.1,297.23636363636365
-60,-90,-180,-150,1969,72,257.92,344.68,300.3718055555554
-60,-90,-180,-150,1974,1,317.3,317.3,317.3
-60,-90,-180,-150,1984,5,180.65,277.29,231.37800000000001
-60,-90,-180,-150,1990,3,331.49,334.97,332.71333333333337
-60,-90,-180,-150,1992,122,339.07,449.4,369.54418032786896
-60,-90,-180,-150,1994,725,222.7,584.8,358.2356000000001
-60,-90,-180,-150,1996,4508,149.9,873.33,348.48731810115373
-60,-90,-180,-150,1997,12215,145.4,523.22,341.5749291854283
-60,-90,-180,-150,1998,28343,188.8,471.7,336.93878276823256
-60,-90,-180,-150,1999,3080,365.7,408.0,380.1198051948049
-60,-90,-180,-150,2000,10729,175.0,430.9,322.7715257712737
-60,-90,-180,-150,2002,1164,283.37,418.3,383.0850257731956
-60,-90,-180,-150,2003,10003,256.4,431.1,382.2560931720473
-60,-90,-180,-150,2004,9007,140.7,424.8,348.9175086044183
-60,-90,-180,-150,2005,9403,174.3,429.0,338.1114218866306
-60,-90,-180,-150,2006,11793,190.6,430.0,338.3160518951906
-60,-90,-180,-150,2007,2023,170.2,350.6,235.33000494315348
-60,-90,-180,-150,2008,11588,188.4,367.2,288.15873317224816
-60,-90,-180,-150,2011,210,162.4,306.4,235.85000000000008
-60,-90,-150,-120,1992,567,264.46,425.0,336.76514991181676
-60,-90,-150,-120,1994,47,236.77,526.24,418.05702127659566
-60,-90,-150,-120,2000,19390,230.9,446.3,338.5237648272318
-60,-90,-150,-120,2002,199,286.35,334.46,310.45567839195996
-60,-90,-150,-120,2006,1725,309.8,363.0,336.7051014492754
-60,-90,-150,-120,2007,6219,179.8,446.4,320.7374819102754
-60,-90,-150,-120,2009,1372,200.8,377.2,335.66596209912535
-60,-90,-150,-120,2011,1144,305.0,393.8,363.85279720279715
-60,-90,-120,-90,1989,57,235.77,339.94,314.84473684210536
-60,-90,-120,-90,1992,31,373.42,408.33,386.5670967741935
-60,-90,-120,-90,1994,83,309.87,726.1,451.1093975903615
-60,-90,-120,-90,1998,1923,353.4,368.1,359.4122204888195
-60,-90,-120,-90,1999,5590,154.8,431.4,284.07010733452756
-60,-90,-120,-90,2000,13805,193.1,437.9,314.43509597971774
-60,-90,-120,-90,2002,153,334.63,369.34,354.7923529411762
-60,-90,-120,-90,2006,1020,336.8,378.5,366.88352941176447
-60,-90,-120,-90,2007,22311,153.9,455.5,358.72939939939954
-60,-90,-120,-90,2009,15965,84.8,503.4,257.57588474788605
-60,-90,-120,-90,2010,9087,134.8,495.0,297.05289974689197
-60,-90,-120,-90,2011,3265,108.9,444.9,330.98597243491463
-60,-90,-90,-60,1973,1,326.7,326.7,326.7
-60,-90,-90,-60,1983,3,255.0,287.0,275.3333333333333
-60,-90,-90,-60,1985,1,290.84,290.84,290.84
-60,-90,-90,-60,1990,6,523.2,743.3,631.65
-60,-90,-90,-60,1992,46,350.61,441.77,395.3517391304348
-60,-90,-90,-60,1993,308,269.12,388.27,329.02821428571417
-60,-90,-90,-60,1994,47,224.6,446.05,357.533829787234
-60,-90,-90,-60,1998,473,352.3,359.2,355.02600422832967
-60,-90,-90,-60,1999,11285,206.2,432.2,353.82959680992474
-60,-90,-90,-60,2000,18333,206.9,487.1,372.6308514700289
-60,-90,-90,-60,2001,31421,178.6,490.9,352.50667388052375
-60,-90,-90,-60,2002,90308,86.8,559.6,362.16288269034305
-60,-90,-90,-60,2003,37833,123.1,593.0,370.4375204186817
-60,-90,-90,-60,2004,27378,161.7,514.9,359.57224267660104
-60,-90,-90,-60,2005,32399,79.7,589.9,332.59343405660553
-60,-90,-90,-60,2006,42243,64.1,564.7,338.2781026442259
-60,-90,-90,-60,2007,43738,76.1,611.8,355.2736078467231
-60,-90,-90,-60,2008,54577,163.2,522.4,388.2130089598143
-60,-90,-90,-60,2009,47903,114.6,708.9,377.34361396989715
-60,-90,-90,-60,2010,73059,128.8,475.3,343.7160496311179
-60,-90,-60,-30,1973,2,325.0,333.8,329.4
-60,-90,-60,-30,1983,6,297.0,341.0,321.3333333333333
-60,-90,-60,-30,1984,158,215.0,799.0,352.55164556962035
-60,-90,-60,-30,1986,59,333.17,351.85,342.8138983050848
-60,-90,-60,-30,1990,9,513.5,712.9,632.7888888888889
-60,-90,-60,-30,1996,1329,335.5,382.05,346.48359668924
-60,-90,-60,-30,1998,2266,327.97,384.66,358.5857016769639
-60,-90,-60,-30,1999,11337,355.4,452.3,386.1402928464335
-60,-90,-60,-30,2000,21430,179.2,464.6,388.928931404574
-60,-90,-60,-30,2001,13378,111.3,449.4,353.83049035730363
-60,-90,-60,-30,2002,16334,135.1,552.4,317.12775805069316
-60,-90,-60,-30,2003,14856,241.4,455.1,386.8691821486244
-60,-90,-60,-30,2004,17358,273.8,460.0,380.9332065906192
-60,-90,-60,-30,2005,14555,91.8,467.2,354.0801909996544
-60,-90,-60,-30,2006,32804,192.8,469.6,356.71601115717635
-60,-90,-60,-30,2007,13409,276.0,470.7,393.45019762845675
-60,-90,-60,-30,2008,7001,323.1,470.0,403.2113555206399
-60,-90,-60,-30,2009,22208,169.2,435.5,372.84455601585006
-60,-90,-60,-30,2010,12206,172.8,459.2,401.09499426511843
-60,-90,-30,0,1983,24,220.0,387.89,332.94208333333336
-60,-90,-30,0,1984,314,176.0,706.0,288.9211783439492
-60,-90,-30,0,1986,2044,331.1,809.0,357.10509295499054
-60,-90,-30,0,1996,1950,328.55,359.05,343.6306051282051
-60,-90,-30,0,1998,2412,341.92,395.59,360.5322263681598
-60,-90,-30,0,2005,1593,375.2,433.0,403.0920903954803
-60,-90,-30,0,2009,7713,214.58,391.57,339.7561299105417
-60,-90,-30,0,2010,31880,231.86,433.3,336.70974529485557
-60,-90,0,30,1981,15,313.0,333.0,323.2
-60,-90,0,30,1984,125,255.64,654.0,285.1675199999999
-60,-90,0,30,1986,389,337.23,822.0,382.68568123393317
-60,-90,0,30,1993,282,230.2,370.7,325.7500000000002
-60,-90,0,30,1994,2,367.24,371.71,369.475
-60,-90,0,30,1996,1501,327.19,423.87,344.27264490339746
-60,-90,0,30,1998,810,350.13,391.62,362.45016049382724
-60,-90,0,30,1999,1780,313.11,398.25,362.15590449438207
-60,-90,0,30,2005,13525,383.4,443.6,411.6092125693169
-60,-90,0,30,2008,665,371.7,424.66,391.1213233082707
-60,-90,0,30,2009,1214,311.6,380.73,347.47911861614483
-60,-90,0,30,2010,1058,275.96,386.88,322.23972589792083
-60,-90,30,60,1993,677,247.8,381.7,344.1983751846383
-60,-90,30,60,1996,2876,342.8,528.15,373.3769749652293
-60,-90,30,60,2008,1663,340.07,416.19,384.5652675886952
-60,-90,60,90,1991,906,320.4,398.8,344.46854304635775
-60,-90,60,90,1992,916,329.43,424.37,364.47139737991216
-60,-90,60,90,1993,11032,112.62,409.61,322.265507614212
-60,-90,60,90,1994,68,319.11,359.88,341.2397058823529
-60,-90,60,90,1996,1758,349.4,498.3,369.6208248009106
-60,-90,60,90,1998,60,345.66,379.5,362.19116666666673
-60,-90,60,90,2000,171,329.07,355.21,339.5173099415204
-60,-90,60,90,2001,4277,246.2,467.6,342.40294599017955
-60,-90,60,90,2004,14,386.07,394.91,389.59928571428566
-60,-90,60,90,2007,955,255.21,355.69,314.4672146596857
-60,-90,90,120,1984,89,321.45,361.61,334.47550561797766
-60,-90,90,120,1993,2716,276.74,377.85,336.21547864506675
-60,-90,90,120,1994,64,324.83,365.54,347.8617187500002
-60,-90,90,120,1995,95,337.07,382.38,360.1983157894738
-60,-90,90,120,1996,2229,348.0,500.91,371.13741139524507
-60,-90,90,120,2001,3135,217.5,444.4,340.7777033492818
-60,-90,90,120,2007,549,242.12,346.42,298.4983060109288
-60,-90,120,150,1983,24,324.77,349.49,335.3308333333334
-60,-90,120,150,1984,118,307.73,358.44,337.8028813559321
-60,-90,120,150,1991,126,352.06,370.35,360.7202380952379
-60,-90,120,150,1993,2079,340.16,395.43,367.9511928811932
-60,-90,120,150,1994,296,304.07,380.91,349.82182432432427
-60,-90,120,150,1995,3261,300.95,410.4,347.5754369825213
-60,-90,120,150,1996,243,352.7,370.1,360.6090534979427
-60,-90,120,150,1999,652,347.55,380.81,361.81754601227
-60,-90,120,150,2000,4599,315.6,404.6,368.8446183953039
-60,-90,120,150,2001,15651,224.5,398.1,331.29798734905137
-60,-90,120,150,2002,588,165.77,373.79,297.2813945578227
-60,-90,120,150,2003,1442,330.8,396.3,367.7716088765604
-60,-90,120,150,2004,5468,365.7,425.0,413.9134784198974
-60,-90,120,150,2007,515,271.37,383.58,340.7423106796115
-60,-90,150,180,1961,13,286.5,314.4,300.59230769230766
-60,-90,150,180,1969,76,274.67,389.29,330.5115789473684
-60,-90,150,180,1974,3,286.0,324.5,310.1666666666667
-60,-90,150,180,1983,170,318.64,359.22,337.8101764705884
-60,-90,150,180,1984,18,210.19,368.28,333.7438888888889
-60,-90,150,180,1985,3,339.85,351.86,344.28000000000003
-60,-90,150,180,1992,60,373.1,473.31,412.08716666666663
-60,-90,150,180,1993,816,371.83,407.3,386.92931372549054
-60,-90,150,180,1994,6288,194.5,448.7,341.6317111959283
-60,-90,150,180,1995,2323,309.4,410.2,347.57804563064985
-60,-90,150,180,1996,4095,82.6,851.37,268.960476190476
-60,-90,150,180,1997,35653,112.2,522.4,287.1560107143861
-60,-90,150,180,1998,41392,114.2,459.8,301.5597265172029
-60,-90,150,180,1999,1294,314.7,395.7,344.01421947449745
-60,-90,150,180,2000,647,164.7,246.7,207.78593508500782
-60,-90,150,180,2001,133,316.77,381.23,360.3726315789473
-60,-90,150,180,2002,4656,300.2,460.7,381.4240829037809
-60,-90,150,180,2003,29459,180.3,433.5,364.2221086934375
-60,-90,150,180,2004,36255,160.7,448.8,317.8687905116588
-60,-90,150,180,2005,24065,128.5,435.0,316.40108871805364
-60,-90,150,180,2006,17667,119.8,435.3,304.4003113148827
-60,-90,150,180,2007,14506,141.3,445.8,332.9824417482404
-60,-90,150,180,2008,8782,169.9,442.1,325.1223297654284
-30,-60,-180,-150,1961,83,256.9,323.0,294.2168674698794
-30,-60,-180,-150,1968,110,262.58,358.56,312.5175454545453
-30,-60,-180,-150,1969,85,283.65,341.45,313.8603529411764
-30,-60,-180,-150,1974,13,287.0,324.0,308.39230769230767
-30,-60,-180,-150,1990,985,300.88,363.91,331.2592588832488
-30,-60,-180,-150,1991,113,303.31,415.12,318.30681415929206
-30,-60,-180,-150,1992,1406,250.7,479.66,329.34089615931714
-30,-60,-180,-150,1995,94,282.12,346.24,319.74999999999983
-30,-60,-180,-150,1996,3568,295.8,642.2,367.59056053811634
-30,-60,-180,-150,1997,4601,245.4,387.95,353.9409519669636
-30,-60,-180,-150,1998,18124,252.98,369.1,347.43187210328915
-30,-60,-180,-150,2001,6,334.96,341.07,338.0133333333333
-30,-60,-180,-150,2002,109,324.0,343.7,335.2247706422019
-30,-60,-180,-150,2003,1804,314.7,342.8,327.47993348115295
-30,-60,-180,-150,2004,4587,323.9,379.36,341.71858295182057
-30,-60,-180,-150,2005,5919,313.6,393.2,358.75355296502664
-30,-60,-180,-150,2006,4552,334.1,387.2,365.0101933216162
-30,-60,-180,-150,2007,2021,296.6,393.2,352.72711528946013
-30,-60,-180,-150,2008,1994,326.7,371.8,349.2857071213651
-30,-60,-150,-120,1957,122,282.6,339.3,301.14098360655726
-30,-60,-150,-120,1974,10,309.9,334.8,319.23
-30,-60,-150,-120,1989,227,325.3,369.4,348.01321585903077
-30,-60,-150,-120,1991,75,303.64,358.25,309.1825333333333
-30,-60,-150,-120,1992,2503,228.3,453.6,328.5362485017977
-30,-60,-150,-120,1997,1434,343.8,371.1,356.11729428172913
-30,-60,-150,-120,1998,2864,354.8,383.8,368.7307960893849
-30,-60,-150,-120,2004,2887,346.1,366.8,357.02196051264275
-30,-60,-150,-120,2005,4773,350.0,388.1,366.76612193588977
-30,-60,-150,-120,2006,2457,361.8,395.1,378.17525437525444
-30,-60,-150,-120,2007,1969,333.7,369.4,356.89172168613516
-30,-60,-150,-120,2008,3259,357.4,376.3,369.6801779687019
-30,-60,-120,-90,1957,137,293.0,324.7,305.89489051094887
-30,-60,-120,-90,1979,144,332.29,364.47,348.3662500000002
-30,-60,-120,-90,1989,276,324.95,387.4,352.19177536231877
-30,-60,-120,-90,1992,261,282.93,379.8,323.22869731800756
-30,-60,-120,-90,1993,423,281.86,334.83,327.95773049645373
-30,-60,-120,-90,1994,46,323.7,631.63,473.47500000000014
-30,-60,-120,-90,1997,1283,361.5,382.2,371.262042088854
-30,-60,-120,-90,1998,2825,348.1,376.5,361.0973451327438
-30,-60,-120,-90,2002,197,361.05,368.82,364.5554822335025
-30,-60,-120,-90,2004,2775,355.8,371.0,364.178918918918
-30,-60,-120,-90,2005,5108,365.5,389.3,373.68839075959283
-30,-60,-120,-90,2006,3599,366.3,397.9,382.55562656293466
-30,-60,-120,-90,2007,4820,347.3,455.12,391.18489004149404
-30,-60,-120,-90,2008,2716,367.3,381.3,371.3506259204717
-30,-60,-90,-60,1957,49,277.2,325.9,305.68775510204085
-30,-60,-90,-60,1958,21,220.0,377.0,297.3333333333333
-30,-60,-90,-60,1972,4,307.7,336.0,321.75
-30,-60,-90,-60,1979,116,255.85,345.99,309.8143103448275
-30,-60,-90,-60,1983,21,222.0,396.0,313.4761904761905
-30,-60,-90,-60,1984,87,252.02,416.11,316.3635632183907
-30,-60,-90,-60,1985,3,330.6,359.19,344.86000000000007
-30,-60,-90,-60,1986,7,318.07,352.23,332.7085714285714
-30,-60,-90,-60,1988,101,168.13,364.55,269.7955445544555
-30,-60,-90,-60,1990,6,471.6,545.3,507.43333333333334
-30,-60,-90,-60,1992,7,364.1,407.2,377.64285714285717
-30,-60,-90,-60,1993,1268,262.12,525.6,350.358856466877
-30,-60,-90,-60,1995,11,357.99,764.2,481.9336363636364
-30,-60,-90,-60,1997,360,355.8,396.6,377.5819444444443
-30,-60,-90,-60,1998,1382,333.0,399.5,356.5819826338637
-30,-60,-90,-60,1999,732,350.5,373.3,363.35355191256855
-30,-60,-90,-60,2000,6018,327.0,404.3,357.4772848122293
-30,-60,-90,-60,2001,742,354.4,403.5,376.3539083557951
-30,-60,-90,-60,2002,21631,196.3,537.1,369.3204770930623
-30,-60,-90,-60,2003,14737,232.4,424.2,359.485074302777
-30,-60,-90,-60,2004,20521,210.3,869.22,357.4772511086188
-30,-60,-90,-60,2005,22517,163.7,600.43,355.82491850601775
-30,-60,-90,-60,2006,28484,195.0,532.32,367.49368873753895
-30,-60,-90,-60,2007,25247,194.1,407.1,362.98564304670435
-30,-60,-90,-60,2008,32587,110.6,772.5,368.88639304017005
-30,-60,-90,-60,2009,22932,162.7,487.3,364.74805686377147
-30,-60,-90,-60,2010,19430,214.2,427.0,372.34702161605793
-30,-60,-60,-30,1958,22,243.0,349.0,300.45454545454544
-30,-60,-60,-30,1972,12,283.8,338.5,305.2583333333334
-30,-60,-60,-30,1973,4,273.5,300.0,284.55
-30,-60,-60,-30,1978,195,137.14,318.76,293.2461538461539
-30,-60,-60,-30,1981,4,288.0,344.5,325.55
-30,-60,-60,-30,1983,41,209.0,337.0,299.4878048780488
-30,-60,-60,-30,1984,376,224.0,856.0,326.5803191489362
-30,-60,-60,-30,1986,281,296.69,363.0,325.1442348754449
-30,-60,-60,-30,1988,629,235.94,588.68,318.365119236884
-30,-60,-60,-30,1989,1525,124.0,752.4,324.532609836066
-30,-60,-60,-30,1990,1,562.3,562.3,562.3
-30,-60,-60,-30,1991,711,204.63,360.28,313.9230239099861
-30,-60,-60,-30,1992,188,370.86,387.41,379.01329787234044
-30,-60,-60,-30,1993,373,287.25,359.89,335.6891152815014
-30,-60,-60,-30,1994,5970,253.5,389.24,316.1097822445565
-30,-60,-60,-30,1998,291,332.45,370.45,353.5471477663233
-30,-60,-60,-30,1999,422,350.4,370.7,361.0225118483409
-30,-60,-60,-30,2000,396,351.0,404.2,373.53661616161617
-30,-60,-60,-30,2001,2491,332.0,459.1,360.6387796065839
-30,-60,-60,-30,2002,237,338.5,378.8,360.597046413502
-30,-60,-60,-30,2003,675,351.5,408.6,372.28622222222236
-30,-60,-60,-30,2004,10873,307.7,430.8,371.8585211073323
-30,-60,-60,-30,2005,3861,197.45,430.4,347.86911939912017
-30,-60,-60,-30,2006,949,346.5,395.8,365.2668071654376
-30,-60,-60,-30,2007,20210,263.05,401.2,332.2866269173685
-30,-60,-60,-30,2008,18069,265.7,484.6,393.8442913276875
-30,-60,-60,-30,2009,5220,260.06,391.2,349.1710134099616
-30,-60,-60,-30,2010,5315,304.5,393.6,359.66173283160884
-30,-60,-30,0,1958,13,238.0,306.0,273.61538461538464
-30,-60,-30,0,1963,46,283.3,291.8,286.04782608695643
-30,-60,-30,0,1973,3,292.0,319.0,308.03333333333336
-30,-60,-30,0,1981,3,307.0,332.0,316.0
-30,-60,-30,0,1984,178,190.79,645.0,275.68286516853925
-30,-60,-30,0,1986,255,324.68,716.0,343.8000784313724
-30,-60,-30,0,1988,378,254.73,583.3,349.16298941798954
-30,-60,-30,0,1989,1052,294.79,441.04,345.1357129277565
-30,-60,-30,0,1990,17,575.67,754.0,652.2952941176472
-30,-60,-30,0,1991,8,314.23,327.65,322.9725
-30,-60,-30,0,1992,4902,301.56,410.64,359.3274704202365
-30,-60,-30,0,1993,1031,353.0,428.7,389.1999999999996
-30,-60,-30,0,1996,423,348.53,382.44,364.6825059101654
-30,-60,-30,0,1998,450,355.87,379.12,365.28813333333306
-30,-60,-30,0,2001,3024,341.6,366.9,355.03429232804314
-30,-60,-30,0,2004,8379,318.8,403.4,354.73574412220984
-30,-60,-30,0,2005,4786,311.46,400.3,365.85997074801395
-30,-60,-30,0,2007,1209,327.65,368.94,350.26256410256394
-30,-60,-30,0,2008,4796,347.85,392.56,368.82857589657874
-30,-60,-30,0,2009,28673,295.76,502.59,372.48929341192417
-30,-60,-30,0,2010,7884,254.86,438.37,370.0846816336878
-30,-60,0,30,1958,34,243.0,310.0,269.88235294117646
-30,-60,0,30,1963,151,258.6,319.2,276.16821192052964
-30,-60,0,30,1973,5,294.3,335.5,311.12
-30,-60,0,30,1980,15,268.15,318.13,294.5513333333334
-30,-60,0,30,1981,21,297.6,340.0,318.3409523809524
-30,-60,0,30,1983,616,272.96,569.0,314.9412824675324
-30,-60,0,30,1984,598,275.88,775.0,323.8063879598662
-30,-60,0,30,1986,1547,290.45,737.0,332.06841628959256
-30,-60,0,30,1989,407,283.14,363.85,336.4334152334157
-30,-60,0,30,1990,28,283.3,770.4,514.1346428571429
-30,-60,0,30,1992,171,323.3,355.6,337.29134502923984
-30,-60,0,30,1993,1041,290.1,382.73,337.6589817483192
-30,-60,0,30,1995,1857,260.16,378.11,332.1836672051696
-30,-60,0,30,1996,6015,303.7,402.39,344.66364422277616
-30,-60,0,30,1998,1834,325.12,389.89,352.109989094875
-30,-60,0,30,1999,5592,210.55,442.48,370.202630543634
-30,-60,0,30,2000,6537,266.26,408.51,360.1957059813385
-30,-60,0,30,2001,1827,330.2,424.4,347.6217843459223
-30,-60,0,30,2004,8275,279.53,403.4,361.8020459214501
-30,-60,0,30,2007,1143,304.69,388.04,347.35470691163596
-30,-60,0,30,2008,3856,317.89,432.04,371.279761410788
-30,-60,0,30,2009,11395,241.65,839.82,374.7172040368572
-30,-60,0,30,2010,13992,330.48,436.12,371.34994353916517
-30,-60,30,60,1963,50,266.4,277.3,271.524
-30,-60,30,60,1980,4,291.35,303.5,298.58000000000004
-30,-60,30,60,1981,12,288.55,341.99,319.54750000000007
-30,-60,30,60,1991,2558,254.1,373.9,329.6385848318999
-30,-60,30,60,1992,1270,288.0,370.2,328.2209448818901
-30,-60,30,60,1993,4404,285.1,383.2,330.8399409627603
-30,-60,30,60,1995,2672,302.17,353.6,334.91436751497014
-30,-60,30,60,1996,320,327.28,369.24,352.10578124999995
-30,-60,30,60,1998,1413,275.77,404.36,350.6698513800422
-30,-60,30,60,1999,255,347.36,362.31,352.8346666666665
-30,-60,30,60,2000,2070,310.24,390.57,352.062115942029
-30,-60,30,60,2001,865,286.04,409.31,358.00820809248614
-30,-60,30,60,2002,1979,310.7,400.84,363.9445426983332
-30,-60,30,60,2004,45617,280.0,407.59,349.5502990113365
-30,-60,30,60,2005,21341,296.59,406.54,360.4912750105431
-30,-60,30,60,2006,852,291.61,418.13,378.03178403755845
-30,-60,30,60,2007,1066,318.03,441.22,382.56377110694154
-30,-60,30,60,2008,3050,311.39,407.54,371.95001967213153
-30,-60,30,60,2009,2456,314.54,426.22,376.4857451140065
-30,-60,30,60,2010,5375,332.04,389.99,363.7914325581406
-30,-60,60,90,998,160,325.84,359.31,344.11812499999985
-30,-60,60,90,1962,268,247.4,319.1,282.9399253731343
-30,-60,60,90,1991,8646,259.7,403.3,334.16736062919256
-30,-60,60,90,1992,3307,244.7,389.88,335.83793468400324
-30,-60,60,90,1993,4722,277.5,396.3,334.82483058026224
-30,-60,60,90,1994,233,299.7,389.48,336.9940343347637
-30,-60,60,90,1995,1071,316.41,361.76,329.8861624649854
-30,-60,60,90,1996,558,364.6,485.52,382.1126881720428
-30,-60,60,90,1998,2832,192.86,414.81,360.85808968926557
-30,-60,60,90,2000,5104,308.5,409.71,361.66989028213163
-30,-60,60,90,2001,2748,190.97,417.41,357.20680494905406
-30,-60,60,90,2002,3841,296.29,413.04,372.0626868003138
-30,-60,60,90,2004,5278,316.77,422.85,353.5398787419473
-30,-60,60,90,2005,9901,277.23,414.57,369.6767871932133
-30,-60,60,90,2006,1038,304.17,400.64,365.7231021194603
-30,-60,60,90,2007,3007,299.44,464.4,369.1476488194219
-30,-60,60,90,2008,4646,278.83,425.25,370.62418424451164
-30,-60,90,120,1962,133,266.1,297.5,279.44887218045113
-30,-60,90,120,1984,203,295.97,349.26,328.9537438423644
-30,-60,90,120,1987,118,294.66,362.53,321.8666101694915
-30,-60,90,120,1992,2418,325.3,388.22,352.67396195202656
-30,-60,90,120,1993,1615,301.63,363.13,342.8922848297216
-30,-60,90,120,1994,769,309.0,377.17,337.62089726918094
-30,-60,90,120,1995,3571,299.05,389.11,340.13574628955433
-30,-60,90,120,1996,45,327.67,351.67,341.4855555555556
-30,-60,90,120,2004,2682,314.8,354.3,334.23120805369166
-30,-60,90,120,2006,720,359.0,399.13,380.76597222222216
-30,-60,90,120,2007,3154,346.23,400.02,364.0968579581487
-30,-60,120,150,1983,124,287.14,358.14,333.0273387096774
-30,-60,120,150,1984,119,282.3,345.71,319.186218487395
-30,-60,120,150,1987,108,300.46,373.95,327.13749999999993
-30,-60,120,150,1991,1546,329.16,371.45,353.6304721862871
-30,-60,120,150,1992,2268,295.42,362.74,342.8051587301589
-30,-60,120,150,1993,10995,286.14,389.65,348.21116234652004
-30,-60,120,150,1994,111,331.12,372.14,352.4066666666666
-30,-60,120,150,1995,1595,259.98,373.55,342.19506583072086
-30,-60,120,150,1996,1248,347.5,372.5,360.60096153846234
-30,-60,120,150,1998,90,311.9,406.6,347.9888888888889
-30,-60,120,150,1999,500,354.3,385.23,364.81507999999997
-30,-60,120,150,2000,1457,344.6,380.1,364.23081674673983
-30,-60,120,150,2001,2712,307.16,399.4,363.3065966076694
-30,-60,120,150,2002,338,301.82,383.68,350.11198224852075
-30,-60,120,150,2003,2007,300.32,387.46,348.1542899850522
-30,-60,120,150,2004,2837,312.54,381.5,363.77389848431454
-30,-60,120,150,2005,2702,315.29,411.72,348.1266876387863
-30,-60,120,150,2006,584,346.88,407.48,381.4834417808217
-30,-60,120,150,2007,177,360.04,381.84,376.6387005649721
-30,-60,150,180,1961,57,260.9,296.3,279.11578947368423
-30,-60,150,180,1968,9,271.6,296.98,281.23777777777775
-30,-60,150,180,1969,192,264.49,340.45,305.5605729166667
-30,-60,150,180,1974,11,293.0,324.9,313.1818181818182
-30,-60,150,180,1983,189,278.86,343.89,312.14973544973543
-30,-60,150,180,1984,7,327.88,355.63,341.69
-30,-60,150,180,1985,18,292.46,355.02,321.5183333333333
-30,-60,150,180,1986,1,321.0,321.0,321.0
-30,-60,150,180,1987,118,285.78,346.98,305.9225423728814
-30,-60,150,180,1988,29,323.79,348.92,335.636551724138
-30,-60,150,180,1990,196,295.12,360.43,325.6121428571429
-30,-60,150,180,1991,477,351.8,375.51,363.9985534591196
-30,-60,150,180,1992,1002,288.84,408.79,304.4344810379241
-30,-60,150,180,1993,5467,308.14,400.37,349.4023065666727
-30,-60,150,180,1994,1079,280.68,385.4,354.9199073215943
-30,-60,150,180,1995,1087,293.23,379.4,350.3663109475617
-30,-60,150,180,1996,1788,249.8,671.97,353.03295861297556
-30,-60,150,180,1997,4811,186.2,386.1,344.2068530451051
-30,-60,150,180,1998,6037,253.0,499.3,344.9838777538512
-30,-60,150,180,1999,3664,234.29,377.2,350.716580240174
-30,-60,150,180,2001,430,306.77,471.23,356.89237209302337
-30,-60,150,180,2002,1874,315.27,387.87,343.5714567769475
-30,-60,150,180,2003,5253,255.0,377.7,342.9830192271093
-30,-60,150,180,2004,15745,276.7,407.0,355.88835185773274
-30,-60,150,180,2005,26568,227.6,405.3,345.27789069557514
-30,-60,150,180,2006,4185,279.9,384.5,352.98416248506385
-30,-60,150,180,2007,819,334.96,385.57,364.17272283272274
-30,-60,150,180,2008,3836,269.3,390.4,361.6299791449419
0,-30,-180,-150,1961,76,286.2,348.3,307.6197368421053
0,-30,-180,-150,1968,131,289.33,388.74,308.36847328244284
0,-30,-180,-150,1973,4,311.8,331.5,320.825
0,-30,-180,-150,1974,7,305.7,323.0,311.37142857142857
0,-30,-180,-150,1979,633,315.12,434.5,384.4061453396525
0,-30,-180,-150,1980,835,325.25,438.63,393.2144670658684
0,-30,-180,-150,1983,223,277.5,410.8,351.1013452914799
0,-30,-180,-150,1984,372,290.5,425.88,335.0999193548389
0,-30,-180,-150,1985,358,300.2,431.17,349.2386871508378
0,-30,-180,-150,1986,407,315.3,437.5,357.9324324324328
0,-30,-180,-150,1987,788,309.6,419.9,346.63880710659885
0,-30,-180,-150,1988,360,318.5,436.55,365.7286944444444
0,-30,-180,-150,1989,116,362.03,496.07,427.6183620689656
0,-30,-180,-150,1990,1088,302.05,447.83,357.4596875000004
0,-30,-180,-150,1991,1571,245.0,428.14,345.49887332909026
0,-30,-180,-150,1992,1003,311.49,397.77,336.04358923230325
0,-30,-180,-150,1993,108,292.58,388.95,326.71416666666676
0,-30,-180,-150,1994,888,301.26,465.53,344.6435923423423
0,-30,-180,-150,1995,2833,297.73,444.48,370.67966466643077
0,-30,-180,-150,1996,4565,218.85,455.19,383.78152902519116
0,-30,-180,-150,1997,2179,331.82,460.73,370.4233731069295
0,-30,-180,-150,1998,9189,312.7,446.4,359.62047665687356
0,-30,-180,-150,1999,1103,354.6,459.81,409.7117860380778
0,-30,-180,-150,2000,3654,357.0,447.88,398.2619321291732
0,-30,-180,-150,2001,635,326.77,463.92,389.0761732283467
0,-30,-180,-150,2002,5324,314.4,439.56,377.177075507138
0,-30,-180,-150,2003,12142,311.3,453.3,353.3060574864105
0,-30,-180,-150,2004,18548,311.58,460.43,369.85235335345976
0,-30,-180,-150,2005,21784,310.72,465.33,375.24056647080334
0,-30,-180,-150,2006,2807,347.72,465.97,393.1937513359455
0,-30,-180,-150,2009,176,339.5,351.0,345.325
0,-30,-180,-150,2010,2065,337.3,426.3,380.2447457627114
0,-30,-150,-120,1957,151,281.4,379.1,321.9086092715231
0,-30,-150,-120,1961,23,289.9,390.3,366.3434782608696
0,-30,-150,-120,1974,24,307.3,398.5,333.86666666666673
0,-30,-150,-120,1979,220,313.93,431.3,363.62572727272726
0,-30,-150,-120,1980,108,323.96,426.99,362.5035185185184
0,-30,-150,-120,1986,45,388.34,415.54,397.8584444444444
0,-30,-150,-120,1988,71,426.88,446.34,439.37802816901404
0,-30,-150,-120,1989,157,328.21,443.15,366.9836942675158
0,-30,-150,-120,1990,63,338.29,418.03,371.00317460317456
0,-30,-150,-120,1991,1473,248.28,435.01,354.5645010183293
0,-30,-150,-120,1992,1615,235.49,437.22,338.9256718266248
0,-30,-150,-120,1993,112,410.38,435.13,425.05044642857143
0,-30,-150,-120,1994,3840,300.98,507.39,408.2090338541664
0,-30,-150,-120,1995,838,324.96,410.72,350.4247732696897
0,-30,-150,-120,1996,2268,311.74,475.12,403.4730599647273
0,-30,-150,-120,1997,3103,348.39,485.75,419.1462906864321
0,-30,-150,-120,1998,1924,346.14,490.43,414.1636694386696
0,-30,-150,-120,1999,434,459.24,505.66,481.13887096774187
0,-30,-150,-120,2000,1268,378.69,462.12,428.0694873817031
0,-30,-150,-120,2001,4770,406.09,495.34,466.2794423480083
0,-30,-150,-120,2002,1570,375.47,481.95,435.9206624203815
0,-30,-150,-120,2003,3148,362.98,480.7,427.4280019059744
0,-30,-150,-120,2004,2140,402.94,476.39,435.50494859813
0,-30,-150,-120,2005,323,439.89,467.32,456.46882352941185
0,-30,-150,-120,2010,13284,339.9,1333.5,388.90621800662507
0,-30,-120,-90,1979,309,339.32,428.78,371.4234627831715
0,-30,-120,-90,1983,8,358.0,526.0,408.125
0,-30,-120,-90,1984,14,392.13,487.17,438.62214285714293
0,-30,-120,-90,1986,98,365.0,478.0,415.92775510204075
0,-30,-120,-90,1989,201,348.33,483.95,399.7687562189054
0,-30,-120,-90,1991,470,344.35,470.01,413.8023404255317
0,-30,-120,-90,1992,780,346.88,480.14,398.094576923077
0,-30,-120,-90,1993,196,399.46,444.73,426.4694897959183
0,-30,-120,-90,1994,4955,289.2,730.98,449.5819535822399
0,-30,-120,-90,1995,677,355.88,547.75,452.46982274741526
0,-30,-120,-90,1996,2210,369.66,547.24,453.85495475113015
0,-30,-120,-90,1997,2926,354.72,523.53,428.9833697881066
0,-30,-120,-90,1998,5752,322.7,561.18,412.6995879694024
0,-30,-120,-90,1999,2953,374.54,519.49,459.08180494412466
0,-30,-120,-90,2000,2941,396.53,548.9,447.82236314178766
0,-30,-120,-90,2001,5686,369.79,600.31,471.5664808301081
0,-30,-120,-90,2002,3995,376.18,483.0,443.2420300375483
0,-30,-120,-90,2003,3226,356.97,552.08,441.9927185368869
0,-30,-120,-90,2004,1321,358.48,509.64,415.2410598031796
0,-30,-120,-90,2005,6646,353.5,518.97,432.39798224496076
0,-30,-120,-90,2006,2646,368.36,486.7,440.62713151927505
0,-30,-120,-90,2007,3839,387.97,539.46,474.4594060953365
0,-30,-120,-90,2008,325,412.2,482.3,429.5055384615387
0,-30,-120,-90,2010,1923,418.6,479.4,448.4514300572025
0,-30,-90,-60,1983,12,326.0,356.0,338.3333333333333
0,-30,-90,-60,1984,12,310.2,387.82,353.195
0,-30,-90,-60,1986,30,223.0,521.0,434.93333333333334
0,-30,-90,-60,1993,852,234.89,798.04,373.41226525821594
0,-30,-90,-60,1995,4,363.34,649.45,481.1525
0,-30,-90,-60,1998,2673,323.5,363.1,349.3650953984281
0,-30,-90,-60,2000,3660,337.9,556.2,438.1459836065586
0,-30,-90,-60,2001,2836,346.41,533.8,370.9182545839215
0,-30,-90,-60,2002,4505,340.9,567.0,436.3333473917881
0,-30,-90,-60,2004,6312,323.6,597.3,409.22233840304057
0,-30,-90,-60,2005,5156,338.0,555.83,388.3187509697437
0,-30,-90,-60,2006,3168,332.14,485.05,382.7885290404034
0,-30,-90,-60,2007,16168,285.64,591.13,383.6231630380998
0,-30,-90,-60,2008,2151,313.7,492.9,412.6349604834962
0,-30,-90,-60,2009,1900,352.1,553.4,431.4154210526322
0,-30,-60,-30,1957,41,310.0,366.0,333.9024390243902
0,-30,-60,-30,1958,7,323.0,338.0,331.2857142857143
0,-30,-60,-30,1972,13,304.6,359.1,331.25384615384615
0,-30,-60,-30,1978,126,298.79,312.56,305.8896031746033
0,-30,-60,-30,1980,10,356.31,372.17,366.059
0,-30,-60,-30,1981,30,321.2,377.5,354.4323333333333
0,-30,-60,-30,1982,33,358.53,388.38,371.4469696969697
0,-30,-60,-30,1983,155,334.0,410.49,364.30851612903217
0,-30,-60,-30,1984,20,345.8,415.7,381.17500000000007
0,-30,-60,-30,1987,340,260.0,381.89,362.27494117647035
0,-30,-60,-30,1988,707,250.15,404.49,365.68410183875517
0,-30,-60,-30,1989,59,275.89,373.82,366.8418644067797
0,-30,-60,-30,1991,269,286.4,381.45,346.5301486988847
0,-30,-60,-30,1992,298,335.4,370.7,351.36644295302017
0,-30,-60,-30,1993,379,323.7,432.1,345.06891820580483
0,-30,-60,-30,1994,6235,348.7,417.1,387.7522534081792
0,-30,-60,-30,1997,50,361.8,379.59,373.63439999999986
0,-30,-60,-30,2002,2152,368.63,428.89,391.27839219330843
0,-30,-60,-30,2003,63,388.7,396.56,390.42714285714294
0,-30,-60,-30,2006,94,393.28,401.15,395.8104255319148
0,-30,-60,-30,2007,5743,214.3,652.1,405.6223245690399
0,-30,-60,-30,2008,714,361.0,415.6,394.82310924369784
0,-30,-30,0,93,9,333.9,413.5,382.4888888888889
0,-30,-30,0,1963,508,272.9,328.3,303.8811023622051
0,-30,-30,0,1972,5,331.8,362.7,341.71999999999997
0,-30,-30,0,1978,470,304.46,365.33,332.392765957447
0,-30,-30,0,1980,36,288.57,370.59,345.41749999999996
0,-30,-30,0,1981,58,322.18,396.4,348.0055172413793
0,-30,-30,0,1982,8,350.0,384.5,368.4875
0,-30,-30,0,1983,523,270.0,402.0,361.79359464627174
0,-30,-30,0,1984,40,325.8,413.0,383.1574999999999
0,-30,-30,0,1987,383,268.0,384.72,366.01347258485663
0,-30,-30,0,1988,1454,231.0,431.99,372.1039958734525
0,-30,-30,0,1989,840,263.17,396.5,369.70532142857127
0,-30,-30,0,1991,804,319.3,445.8,361.11507462686563
0,-30,-30,0,1993,553,344.22,438.49,377.9950452079572
0,-30,-30,0,1994,307,352.65,406.1,375.5136807817591
0,-30,-30,0,1995,4581,336.0,413.82,386.51616022702524
0,-30,-30,0,1997,15,349.73,353.29,350.91133333333335
0,-30,-30,0,1999,1156,373.38,427.08,389.9925
0,-30,-30,0,2000,1114,334.77,421.48,385.5559066427286
0,-30,-30,0,2003,961,378.47,415.45,395.80496357960465
0,-30,-30,0,2005,3393,362.28,424.95,405.71116121426445
0,-30,-30,0,2006,1472,378.85,413.25,398.42135869565186
0,-30,-30,0,2007,633,377.39,406.02,395.3586729857823
0,-30,-30,0,2009,69,403.14,405.66,404.39057971014495
0,-30,0,30,1973,5,324.8,360.0,342.44
0,-30,0,30,1980,14,283.04,376.41,326.8714285714286
0,-30,0,30,1981,19,294.47,356.11,331.70842105263165
0,-30,0,30,1983,496,296.0,386.0,327.78056451612906
0,-30,0,30,1987,308,282.05,384.62,364.8196428571428
0,-30,0,30,1988,564,273.4,384.04,363.585283687943
0,-30,0,30,1989,200,253.92,361.0,342.58404999999993
0,-30,0,30,1993,1146,306.93,412.22,361.33022687609065
0,-30,0,30,1994,75,354.6,392.83,368.30626666666666
0,-30,0,30,1995,3443,324.0,398.91,357.22579146093506
0,-30,0,30,1997,1,350.6,350.6,350.6
0,-30,0,30,1999,691,345.41,420.72,377.2381620839359
0,-30,0,30,2000,1612,316.49,419.71,360.7013833746901
0,-30,30,60,1962,284,276.6,335.7,307.73380281690123
0,-30,30,60,1963,357,270.6,353.6,317.57282913165267
0,-30,30,60,1980,75,305.7,384.16,338.8888
0,-30,30,60,1981,62,304.96,368.3,342.6635483870969
0,-30,30,60,1991,1531,289.9,381.4,331.0585238406266
0,-30,30,60,1992,3891,297.0,383.4,331.5295296838858
0,-30,30,60,1993,1244,285.5,355.3,314.84413183279736
0,-30,30,60,1995,8353,302.17,402.61,358.83591643720865
0,-30,30,60,1996,799,362.18,402.23,379.34748435544435
0,-30,30,60,1998,476,310.15,397.49,353.72275210084035
0,-30,30,60,1999,1406,332.9,401.96,362.78620910384114
0,-30,30,60,2000,800,312.97,391.97,345.84831250000025
0,-30,30,60,2001,192,369.2,398.95,378.97572916666667
0,-30,30,60,2002,429,326.98,390.4,354.77403263403244
0,-30,30,60,2004,1752,362.46,446.35,404.12621575342445
0,-30,30,60,2005,450,341.52,419.89,389.0286
0,-30,30,60,2006,316,379.35,412.66,393.56876582278505
0,-30,30,60,2007,106,381.02,462.15,423.23235849056596
0,-30,30,60,2008,174,359.46,413.43,388.5782183908046
0,-30,60,90,1962,329,282.7,328.3,311.15471124620075
0,-30,60,90,1963,65,312.5,355.0,331.47999999999996
0,-30,60,90,1991,2322,292.1,370.6,335.84052540913
0,-30,60,90,1992,867,295.1,367.4,338.05178777393326
0,-30,60,90,1993,222,287.5,313.1,301.5639639639639
0,-30,60,90,1995,7735,301.39,393.16,349.47551906916624
0,-30,60,90,1996,383,339.4,385.48,362.93420365535246
0,-30,60,90,1998,429,314.74,398.84,349.52438228438234
0,-30,60,90,1999,1530,350.15,447.29,384.9094575163402
0,-30,60,90,2000,466,318.26,406.62,359.4916309012873
0,-30,60,90,2001,344,367.64,422.21,385.9035755813955
0,-30,60,90,2002,411,354.98,387.41,368.9202919708033
0,-30,90,120,1962,181,270.0,334.1,300.60607734806626
0,-30,90,120,1963,56,296.6,323.8,311.0410714285714
0,-30,90,120,1984,145,320.87,373.97,349.07131034482757
0,-30,90,120,1987,143,299.91,410.46,333.55286713286705
0,-30,90,120,1992,2164,318.3,422.9,355.4321164510157
0,-30,90,120,1995,4634,301.22,432.8,343.514466983168
0,-30,90,120,1996,357,335.31,381.43,357.184649859944
0,-30,90,120,1999,840,348.78,417.67,375.240321428572
0,-30,90,120,2007,4138,350.82,405.45,373.9302706621559
0,-30,120,150,1969,49,304.83,381.07,327.978775510204
0,-30,120,150,1981,16,326.84,381.87,337.6018749999999
0,-30,120,150,1982,24,313.17,364.54,337.7070833333333
0,-30,120,150,1983,22,321.67,362.21,343.7695454545455
0,-30,120,150,1984,16,319.81,334.07,325.596875
0,-30,120,150,1985,17,333.57,343.51,340.48529411764713
0,-30,120,150,1986,26,325.0,357.0,339.9107692307692
0,-30,120,150,1987,71,330.34,398.0,348.071971830986
0,-30,120,150,1988,8,350.43,354.61,352.47499999999997
0,-30,120,150,1990,23,342.29,359.78,348.7799999999999
0,-30,120,150,1991,9,349.07,358.58,352.01444444444445
0,-30,120,150,1992,779,330.58,391.5,375.311489088575
0,-30,120,150,1993,1480,342.24,381.41,357.44716891891886
0,-30,120,150,1994,116,338.53,371.31,354.2716379310344
0,-30,120,150,1995,817,330.78,475.09,379.48755201958403
0,-30,120,150,1996,239,346.49,387.05,369.63460251046035
0,-30,120,150,1997,342,334.85,387.88,368.69888888888914
0,-30,120,150,1998,332,323.22,378.5,359.3423493975903
0,-30,120,150,1999,1777,321.01,471.0,367.54371975239115
0,-30,120,150,2000,72,368.64,385.5,380.2283333333334
0,-30,120,150,2001,111,363.7,385.81,369.4789189189189
0,-30,120,150,2002,211,356.43,391.36,369.21094786729856
0,-30,120,150,2003,104,345.74,362.99,354.29682692307694
0,-30,120,150,2004,164,341.87,362.71,354.3674390243905
0,-30,120,150,2005,95,338.28,369.94,357.03547368421056
0,-30,120,150,2006,73,329.91,361.11,346.84616438356164
0,-30,120,150,2007,50,353.46,380.55,362.7105999999999
0,-30,150,180,1969,170,297.61,333.45,312.3527647058823
0,-30,150,180,1973,3,340.0,403.9,368.3
0,-30,150,180,1983,368,302.1,413.83,324.5567663043479
0,-30,150,180,1984,247,277.1,323.9,309.214574898785
0,-30,150,180,1985,368,281.7,362.9,318.48720108695665
0,-30,150,180,1986,467,288.3,411.9,327.37408993576014
0,-30,150,180,1987,1329,289.4,381.5,327.7928442437926
0,-30,150,180,1988,873,311.5,384.78,345.80717067583066
0,-30,150,180,1989,88,339.21,457.42,402.9643181818182
0,-30,150,180,1990,629,314.82,420.26,361.54042925278264
0,-30,150,180,1991,376,292.66,416.6,321.3531117021279
0,-30,150,180,1992,893,284.87,353.98,311.0989137737961
0,-30,150,180,1993,1647,301.38,441.87,338.4436854887676
0,-30,150,180,1994,677,300.91,407.39,339.9349039881831
0,-30,150,180,1995,1511,295.39,392.65,352.1751091992054
0,-30,150,180,1996,1908,289.93,434.8,355.02232180293487
0,-30,150,180,1997,1846,340.89,431.34,362.46206933911157
0,-30,150,180,1998,2601,339.94,402.33,363.67751633986956
0,-30,150,180,1999,5627,328.45,441.49,387.7596481251111
0,-30,150,180,2000,2262,331.84,424.22,367.22557913351034
0,-30,150,180,2001,1877,322.39,449.71,375.21079381992575
0,-30,150,180,2002,1762,335.01,400.85,366.4793019296248
0,-30,150,180,2003,1330,343.43,375.61,362.9239172932331
0,-30,150,180,2004,1295,341.1,380.83,363.68593822393814
0,-30,150,180,2005,6728,313.14,372.51,335.7740888822817
0,-30,150,180,2006,1481,349.72,443.12,371.90424037812284
0,-30,150,180,2007,215,350.33,393.56,367.7140930232562
0,-30,150,180,2009,17850,316.5,591.6,383.0949243697488
30,0,-180,-150,1968,203,290.06,392.58,318.2318719211826
30,0,-180,-150,1970,68,281.22,307.14,292.3782352941178
30,0,-180,-150,1973,24,322.5,392.1,341.59583333333336
30,0,-180,-150,1979,1362,303.0,431.56,350.13033773862
30,0,-180,-150,1980,1430,315.09,473.0,353.4176503496506
30,0,-180,-150,1983,119,325.2,404.2,369.31764705882347
30,0,-180,-150,1984,134,321.33,473.5,382.44335820895526
30,0,-180,-150,1985,1528,246.0,488.54,322.5630301047117
30,0,-180,-150,1986,1054,298.1,439.9,337.11269449715405
30,0,-180,-150,1987,1233,302.5,404.19,341.141938361719
30,0,-180,-150,1988,846,302.0,450.8,359.6671749408983
30,0,-180,-150,1989,311,298.47,449.32,359.8675562700969
30,0,-180,-150,1990,875,318.93,454.78,372.76346285714254
30,0,-180,-150,1991,1001,277.01,424.09,355.6861938061936
30,0,-180,-150,1992,270,274.31,390.31,345.8134444444443
30,0,-180,-150,1993,371,295.09,405.1,344.43644204851773
30,0,-180,-150,1994,321,355.21,463.71,386.5519626168223
30,0,-180,-150,1995,2318,323.02,443.76,373.56663503019814
30,0,-180,-150,1996,5436,336.56,454.41,372.74866445916115
30,0,-180,-150,1997,2990,341.94,464.65,373.6024548494991
30,0,-180,-150,1998,9152,326.4,436.4,367.96702141608375
30,0,-180,-150,1999,2509,315.42,456.02,379.33992825827045
30,0,-180,-150,2000,5708,315.77,451.86,379.89827435178665
30,0,-180,-150,2001,2283,317.33,464.96,368.2142400350419
30,0,-180,-150,2002,5206,315.46,442.71,367.8968248175179
30,0,-180,-150,2003,11187,316.99,453.64,369.2580128720848
30,0,-180,-150,2004,5446,317.01,457.17,368.448699963275
30,0,-180,-150,2005,6250,317.36,464.85,383.4086719999991
30,0,-180,-150,2006,2397,325.49,456.67,382.5549561952441
30,0,-180,-150,2009,3835,316.9,395.1,351.399713168188
30,0,-180,-150,2010,5954,354.0,561.7,377.9182566341953
30,0,-150,-120,1957,113,299.4,378.3,321.31061946902673
30,0,-150,-120,1961,117,269.0,393.6,309.01794871794874
30,0,-150,-120,1970,134,295.63,321.82,307.0726865671641
30,0,-150,-120,1974,11,314.4,403.3,343.93636363636364
30,0,-150,-120,1979,199,324.72,450.5,367.7637185929647
30,0,-150,-120,1980,105,322.59,424.31,368.0318095238096
30,0,-150,-120,1984,64,312.0,400.1,323.9937500000001
30,0,-150,-120,1985,567,310.38,373.08,320.2744268077601
30,0,-150,-120,1986,335,308.1,420.95,357.2318805970147
30,0,-150,-120,1987,453,304.1,380.9,339.215673289183
30,0,-150,-120,1988,494,311.9,453.37,357.06216599190316
30,0,-150,-120,1989,126,311.0,440.46,352.79626984126986
30,0,-150,-120,1990,12,430.03,436.48,433.69083333333333
30,0,-150,-120,1991,842,316.09,435.84,352.32747030878863
30,0,-150,-120,1992,360,236.6,424.43,335.1671944444444
30,0,-150,-120,1993,291,323.59,440.35,362.8659106529211
30,0,-150,-120,1994,4361,308.73,576.15,373.76165099747743
30,0,-150,-120,1996,3080,332.52,480.27,378.1317889610393
30,0,-150,-120,1997,9661,318.2,522.8,371.93109201945913
30,0,-150,-120,1998,5165,321.6,488.98,361.3406737657297
30,0,-150,-120,1999,1349,333.46,481.18,393.00495181615975
30,0,-150,-120,2000,2212,323.44,463.08,384.76346292947505
30,0,-150,-120,2001,2678,342.11,480.43,383.96386855862704
30,0,-150,-120,2002,5209,326.2,477.82,379.2289402956422
30,0,-150,-120,2003,4928,333.12,477.5,372.2292410714285
30,0,-150,-120,2004,23427,329.25,475.12,378.3355188457793
30,0,-150,-120,2005,27719,325.48,475.29,372.3863010931116
30,0,-150,-120,2006,3472,334.17,385.6,349.48000288018443
30,0,-150,-120,2010,3421,347.5,435.1,372.3499269219533
30,0,-120,-90,1963,233,296.3,350.7,316.09055793991394
30,0,-120,-90,1979,302,309.5,422.63,341.52622516556295
30,0,-120,-90,1983,14,324.0,465.0,366.57142857142856
30,0,-120,-90,1984,23,321.78,457.07,359.75695652173914
30,0,-120,-90,1986,189,351.0,503.0,401.90613756613755
30,0,-120,-90,1989,128,340.07,426.02,367.031953125
30,0,-120,-90,1991,195,325.91,483.78,349.3210769230769
30,0,-120,-90,1992,530,325.5,443.85,361.39818867924515
30,0,-120,-90,1993,667,263.52,453.07,372.00521739130403
30,0,-120,-90,1994,5946,253.8,944.4,381.83361419441775
30,0,-120,-90,1995,241,334.21,499.46,365.2776763485479
30,0,-120,-90,1996,4491,327.55,652.27,379.731670006681
30,0,-120,-90,1997,7137,331.35,472.25,370.1417234131984
30,0,-120,-90,1998,11013,325.56,478.5,370.9929728502681
30,0,-120,-90,1999,3355,336.62,528.68,403.0556274217581
30,0,-120,-90,2000,4665,335.33,490.81,396.59150911039677
30,0,-120,-90,2001,7841,339.23,531.87,383.7593074862882
30,0,-120,-90,2002,9433,323.31,487.51,378.92464751404754
30,0,-120,-90,2003,15449,265.8,657.22,389.8633937471696
30,0,-120,-90,2004,7972,217.83,535.96,387.56730556949304
30,0,-120,-90,2005,8066,301.31,553.78,386.38991817505797
30,0,-120,-90,2006,6614,237.7,573.9,401.3215043846392
30,0,-120,-90,2007,6439,216.28,498.78,387.35504736760464
30,0,-120,-90,2008,5899,299.45,409.16,383.2102085099164
30,0,-120,-90,2009,23111,271.23,787.6,406.91616935658345
30,0,-120,-90,2010,831,347.9,451.8,386.7785800240675
30,0,-90,-60,1957,1,301.0,301.0,301.0
30,0,-90,-60,1963,136,278.3,354.2,306.9889705882354
30,0,-90,-60,1973,6,296.8,305.4,300.24999999999994
30,0,-90,-60,1978,192,323.22,349.04,336.0977604166665
30,0,-90,-60,1979,363,305.1,474.26,363.7950688705236
30,0,-90,-60,1981,666,233.38,339.54,308.91530030030043
30,0,-90,-60,1982,238,312.55,357.38,328.128151260504
30,0,-90,-60,1983,10,297.5,325.4,309.1
30,0,-90,-60,1986,11,352.0,509.0,414.90909090909093
30,0,-90,-60,1987,39,326.27,340.65,332.79256410256403
30,0,-90,-60,1991,645,295.52,382.69,350.60182945736454
30,0,-90,-60,1992,2195,266.39,406.7,359.1713895216395
30,0,-90,-60,1993,2469,251.07,463.85,362.06086269744833
30,0,-90,-60,1994,4521,250.51,415.29,352.37126520681335
30,0,-90,-60,1995,3505,295.21,395.63,346.3976205420831
30,0,-90,-60,1996,5451,301.87,563.9,346.37072280315545
30,0,-90,-60,1997,2057,257.0,417.2,357.72748176956793
30,0,-90,-60,1998,5568,287.17,428.23,345.8854274425293
30,0,-90,-60,1999,199,318.64,330.87,325.01140703517586
30,0,-90,-60,2000,1668,323.7,401.8,359.205395683453
30,0,-90,-60,2001,140,360.4,384.87,373.6672142857143
30,0,-90,-60,2002,46920,323.62,442.66,367.97325895140233
30,0,-90,-60,2003,95143,329.27,605.97,372.8235502349089
30,0,-90,-60,2004,95879,263.69,722.76,369.60668644854803
30,0,-90,-60,2005,52660,326.37,468.63,369.7168858716332
30,0,-90,-60,2006,61285,253.3,630.61,367.45898360120236
30,0,-90,-60,2007,53538,300.87,704.4,369.9363362471501
30,0,-90,-60,2008,55833,235.83,532.9,369.19301864488983
30,0,-90,-60,2009,36904,0.11,629.3,360.74175102969826
30,0,-90,-60,2010,11444,332.3,564.0,395.4196434812996
30,0,-60,-30,93,42,372.6,425.3,393.0595238095238
30,0,-60,-30,1957,55,284.0,325.0,300.92727272727274
30,0,-60,-30,1963,232,284.1,320.6,300.1034482758619
30,0,-60,-30,1972,10,313.7,356.0,331.32
30,0,-60,-30,1973,17,281.0,317.7,299.8470588235294
30,0,-60,-30,1978,415,304.36,334.22,323.7002409638551
30,0,-60,-30,1980,4,355.67,365.18,361.105
30,0,-60,-30,1981,546,223.84,360.57,313.9600915750912
30,0,-60,-30,1982,758,153.43,708.51,347.6162269129289
30,0,-60,-30,1983,736,137.28,390.8,329.4368342391301
30,0,-60,-30,1984,20,342.0,409.9,365.10499999999996
30,0,-60,-30,1987,413,310.65,373.57,338.446755447942
30,0,-60,-30,1989,159,265.18,371.02,356.3837106918238
30,0,-60,-30,1991,32,336.21,372.94,358.7109375000001
30,0,-60,-30,1992,932,322.83,390.35,352.2853326180254
30,0,-60,-30,1993,959,226.0,479.92,369.72683003128253
30,0,-60,-30,1994,3931,213.3,395.4,362.5435512592208
30,0,-60,-30,1995,3039,306.11,386.66,337.0623790720635
30,0,-60,-30,1996,52,327.13,362.8,341.729423076923
30,0,-60,-30,1997,1892,245.05,514.03,355.6798890063427
30,0,-60,-30,1998,3376,316.5,352.39,334.07184241706153
30,0,-60,-30,1999,1445,319.08,370.0,338.13059515570944
30,0,-60,-30,2002,25122,294.6,412.33,356.78681952073975
30,0,-60,-30,2003,12328,338.53,399.93,359.4971576898099
30,0,-60,-30,2004,19593,337.46,398.73,358.5954432705563
30,0,-60,-30,2005,5535,329.87,410.68,346.86794941282733
30,0,-60,-30,2006,5522,322.91,421.27,351.5412984425931
30,0,-60,-30,2007,10052,327.7,426.9,370.88300139275816
30,0,-60,-30,2008,9796,341.17,394.05,362.5263148223772
30,0,-60,-30,2009,8327,270.85,395.79,354.23015611865
30,0,-60,-30,2010,2520,353.2,410.4,400.89539682539663
30,0,-30,0,93,47,333.0,400.9,374.540425531915
30,0,-30,0,1963,147,275.0,325.2,290.1326530612245
30,0,-30,0,1973,14,286.0,332.1,318.32142857142856
30,0,-30,0,1978,196,297.06,355.15,314.0233163265305
30,0,-30,0,1981,238,313.0,351.9,332.40399159663843
30,0,-30,0,1982,16,303.1,397.8,332.7
30,0,-30,0,1983,1046,237.0,404.9,331.95249521988563
30,0,-30,0,1984,57,316.7,410.0,354.5701754385965
30,0,-30,0,1987,468,196.33,374.17,326.3823290598289
30,0,-30,0,1988,198,223.3,371.31,338.9263636363635
30,0,-30,0,1989,42,266.0,369.15,360.6480952380953
30,0,-30,0,1990,17,357.36,390.41,371.20941176470586
30,0,-30,0,1991,209,314.57,419.03,350.02086124401916
30,0,-30,0,1992,90,331.97,352.75,342.772
30,0,-30,0,1993,1184,299.15,408.54,359.2545777027024
30,0,-30,0,1994,785,302.2,419.02,352.4981401273888
30,0,-30,0,1995,4886,324.9,397.77,363.1828428162096
30,0,-30,0,1996,547,347.9,359.5,356.1639853747714
30,0,-30,0,1997,1180,285.34,388.39,345.3818644067795
30,0,-30,0,1998,2363,340.78,389.1,358.20887854422404
30,0,-30,0,1999,327,337.95,403.92,366.8349847094801
30,0,-30,0,2000,1670,315.16,446.54,373.20620958083833
30,0,-30,0,2002,20090,319.2,406.2,359.7083922349417
30,0,-30,0,2003,3721,341.19,413.32,381.85311206664824
30,0,-30,0,2004,1773,344.15,396.82,366.08952622673394
30,0,-30,0,2006,3531,340.09,417.96,383.0565250637232
30,0,-30,0,2007,2055,347.74,436.65,386.9101557177616
30,0,-30,0,2008,1,344.79,344.79,344.79
30,0,-30,0,2009,4170,356.58,452.47,400.8142589928063
30,0,0,30,2002,2039,329.4,400.8,358.78553212358884
30,0,0,30,2006,1,381.59,381.59,381.59
30,0,0,30,2010,1,372.15,372.15,372.15
30,0,30,60,1962,251,309.3,346.2,321.1756972111554
30,0,30,60,1963,197,327.7,363.9,343.31116751269053
30,0,30,60,1980,70,329.99,441.07,366.05628571428576
30,0,30,60,1981,55,339.86,453.15,368.0154545454546
30,0,30,60,1985,7,312.7,372.6,337.5142857142858
30,0,30,60,1991,1162,326.2,436.0,377.6785714285711
30,0,30,60,1992,1287,339.6,446.7,384.4544677544678
30,0,30,60,1995,30894,239.11,762.6,434.4135230141775
30,0,60,90,1962,687,211.9,369.1,318.1820960698695
30,0,60,90,1963,474,297.3,362.4,328.91413502109714
30,0,60,90,1980,7,353.11,377.89,363.96000000000004
30,0,60,90,1981,4,342.98,434.61,370.54999999999995
30,0,60,90,1991,858,351.3,382.3,363.07972027972
30,0,60,90,1995,56915,301.79,755.4,388.7115182289397
30,0,60,90,1999,6642,339.12,424.44,371.36014453477804
30,0,60,90,2007,2198,373.47,413.54,389.78634212920775
30,0,90,120,1962,286,306.0,394.2,324.63601398601395
30,0,90,120,1963,185,295.2,347.5,315.07513513513527
30,0,90,120,1984,33,317.49,356.84,335.9115151515152
30,0,90,120,1986,5,318.0,374.31,352.65999999999997
30,0,90,120,1987,33,318.0,385.06,361.58303030303034
30,0,90,120,1995,815,303.96,422.73,339.24494478527595
30,0,90,120,1996,8,361.12,371.55,365.64000000000004
30,0,90,120,1999,322,360.84,393.35,369.5369875776397
30,0,90,120,2007,822,372.94,408.53,386.80046228710466
30,0,120,150,1962,138,278.6,340.9,304.12173913043466
30,0,120,150,1969,122,271.21,373.34,306.3369672131147
30,0,120,150,1970,90,273.27,311.84,287.35255555555557
30,0,120,150,1981,307,279.3,356.91,312.667361563518
30,0,120,150,1982,374,271.74,365.27,315.5695187165777
30,0,120,150,1983,451,273.79,381.74,330.74416851441214
30,0,120,150,1984,502,273.17,397.27,314.432749003984
30,0,120,150,1985,1211,275.41,357.31,316.61748967795177
30,0,120,150,1986,433,273.05,391.78,314.50041570438833
30,0,120,150,1987,723,274.84,373.0,327.6172890733057
30,0,120,150,1988,706,253.74,394.51,321.3333852691213
30,0,120,150,1989,18,291.0,342.0,315.27777777777777
30,0,120,150,1990,625,292.33,395.79,341.09092800000013
30,0,120,150,1991,646,285.18,410.83,339.417043343653
30,0,120,150,1992,712,266.19,403.62,345.9027247191013
30,0,120,150,1993,6877,284.64,403.82,351.95572924240196
30,0,120,150,1994,2598,298.09,427.11,349.383479599692
30,0,120,150,1995,2809,290.95,399.03,341.0262264150938
30,0,120,150,1996,13034,296.22,405.42,370.8183819241967
30,0,120,150,1997,3080,297.02,424.0,347.5247824675322
30,0,120,150,1998,3937,287.45,410.65,350.8648031496065
30,0,120,150,1999,5086,300.36,453.23,351.82340542666105
30,0,120,150,2000,4254,298.02,402.16,349.68826046074287
30,0,120,150,2001,6806,297.17,431.43,347.7198648251539
30,0,120,150,2002,9352,298.28,415.25,353.15495508981996
30,0,120,150,2003,5844,306.55,421.88,359.3381502395616
30,0,120,150,2004,6594,309.32,413.42,356.1493630573237
30,0,120,150,2005,2095,307.32,428.67,358.4496038186157
30,0,120,150,2006,2073,300.23,427.98,360.261862035697
30,0,120,150,2007,677,310.37,392.85,341.7850960118169
30,0,150,180,1968,51,287.16,298.74,294.1472549019607
30,0,150,180,1970,230,276.05,328.92,301.3239999999997
30,0,150,180,1973,4,319.0,329.5,325.45
30,0,150,180,1983,36,333.94,344.16,338.6958333333334
30,0,150,180,1985,592,301.92,331.51,313.06383445945926
30,0,150,180,1986,80,324.0,416.0,379.1862500000001
30,0,150,180,1987,832,307.86,379.69,339.16713942307695
30,0,150,180,1988,419,309.0,394.0,344.81713603818594
30,0,150,180,1989,308,284.72,476.23,380.01230519480515
30,0,150,180,1990,762,332.72,409.23,357.1731102362199
30,0,150,180,1991,478,293.59,406.53,346.5611297071126
30,0,150,180,1992,257,336.23,397.85,353.3542801556421
30,0,150,180,1993,508,289.75,396.03,345.58643700787405
30,0,150,180,1994,661,327.99,441.61,358.50851739788175
30,0,150,180,1995,76,335.79,400.84,375.5255263157895
30,0,150,180,1996,12715,296.51,433.4,377.02435312623066
30,0,150,180,1997,3106,330.83,437.13,365.31713135866073
30,0,150,180,1998,2292,323.2,404.22,367.8910732984295
30,0,150,180,1999,3420,308.35,438.97,377.3879181286553
30,0,150,180,2000,3099,305.39,421.9,371.01163601161744
30,0,150,180,2001,3786,312.23,452.05,371.17267564712023
30,0,150,180,2002,4745,314.09,396.98,355.3900400421486
30,0,150,180,2003,4377,315.15,423.67,361.046241718071
30,0,150,180,2004,4575,308.8,400.92,354.86063825136614
30,0,150,180,2005,1050,309.03,452.68,353.42917142857146
30,0,150,180,2006,2137,307.62,442.23,338.30652316331384
30,0,150,180,2007,813,317.72,376.49,349.50953259532633
30,0,150,180,2010,1961,387.4,434.6,410.7476797552276
60,30,-180,-150,1962,89,245.8,303.5,271.0516853932584
60,30,-180,-150,1968,38,292.64,305.54,297.06684210526316
60,30,-180,-150,1970,355,278.76,378.11,311.34230985915497
60,30,-180,-150,1973,11,302.0,353.0,333.23636363636365
60,30,-180,-150,1984,9,304.1,396.95,327.85777777777776
60,30,-180,-150,1985,464,240.73,442.57,337.2948922413793
60,30,-180,-150,1986,135,296.0,463.33,324.11933333333326
60,30,-180,-150,1987,192,230.0,539.0,335.09510416666654
60,30,-180,-150,1988,261,293.54,418.0,331.4123754789272
60,30,-180,-150,1989,12,306.0,330.0,317.0833333333333
60,30,-180,-150,1992,28,342.54,392.64,369.28571428571433
60,30,-180,-150,1993,615,155.21,391.27,329.4069105691053
60,30,-180,-150,1994,117,299.2,405.0,312.891452991453
60,30,-180,-150,1995,4308,172.8,477.2,344.63971680594295
60,30,-180,-150,1996,4528,183.9,485.9,346.7859496466438
60,30,-180,-150,1997,4393,142.1,499.7,338.08354199863453
60,30,-180,-150,1998,5068,132.9,497.4,347.2330899763229
60,30,-180,-150,1999,6278,199.3,559.15,352.3916772857589
60,30,-180,-150,2000,11387,136.63,633.66,357.29023272152256
60,30,-180,-150,2001,8284,129.0,577.84,323.25003621438924
60,30,-180,-150,2002,3006,232.07,714.27,362.30780106453705
60,30,-180,-150,2003,12619,220.2,437.6,353.0781916158172
60,30,-180,-150,2004,4143,306.38,441.12,361.2861863384028
60,30,-180,-150,2005,4155,291.61,441.18,353.500632972321
60,30,-180,-150,2010,4357,120.0,587.0,291.42827633692883
60,30,-150,-120,1970,286,291.19,347.15,317.2325524475524
60,30,-150,-120,1973,167,289.85,348.3,311.50550898203585
60,30,-150,-120,1974,148,305.78,330.2,319.6554054054053
60,30,-150,-120,1975,170,317.48,369.1,330.0656470588236
60,30,-150,-120,1976,381,291.82,356.08,325.64645669291315
60,30,-150,-120,1977,466,312.25,373.54,331.9416523605151
60,30,-150,-120,1978,311,313.08,356.69,325.4695819935692
60,30,-150,-120,1979,236,233.17,352.41,333.71385593220356
60,30,-150,-120,1984,9,268.9,339.4,308.0888888888889
60,30,-150,-120,1985,696,226.95,551.09,327.38550287356315
60,30,-150,-120,1986,591,284.2,384.0,329.6983587140438
60,30,-150,-120,1987,873,263.9,586.6,341.7100343642613
60,30,-150,-120,1988,119,300.0,400.0,343.05210084033644
60,30,-150,-120,1989,95,254.27,356.88,324.79684210526324
60,30,-150,-120,1991,399,314.4,632.21,357.51771929824605
60,30,-150,-120,1992,17,330.01,492.82,389.3776470588236
60,30,-150,-120,1993,16872,178.33,1101.1,446.44937351825484
60,30,-150,-120,1994,3030,211.54,580.8,355.33618481848225
60,30,-150,-120,1995,28867,74.45,767.1,364.3959871133125
60,30,-150,-120,1996,28116,129.04,788.64,384.20645539905803
60,30,-150,-120,1997,28346,127.2,786.49,382.00263599802616
60,30,-150,-120,1998,42752,154.1,848.22,353.5153859468547
60,30,-150,-120,1999,27976,141.91,898.75,372.321171003721
60,30,-150,-120,2000,57987,143.23,861.47,357.09737734319316
60,30,-150,-120,2001,29467,125.67,852.57,350.0070193776099
60,30,-150,-120,2002,32222,182.99,801.96,407.62520638073136
60,30,-150,-120,2003,33253,222.95,777.84,376.3791895468089
60,30,-150,-120,2004,3681,318.78,467.39,378.0857891877214
60,30,-150,-120,2005,4449,287.2,427.38,362.4430141604861
60,30,-150,-120,2010,15223,48.1,1025.0,315.91298035866515
60,30,-120,-90,1961,5,291.0,293.3,292.02
60,30,-120,-90,1963,8,316.2,340.7,331.32499999999993
60,30,-120,-90,1983,7,315.0,329.0,319.87142857142857
60,30,-120,-90,1984,1,332.88,332.88,332.88
60,30,-120,-90,1985,100,299.36,358.72,317.47300000000007
60,30,-120,-90,1986,1,329.0,329.0,329.0
60,30,-120,-90,1987,15,336.7,348.9,342.53333333333325
60,30,-120,-90,1991,39,302.88,511.87,347.8435897435897
60,30,-120,-90,1993,20,312.68,345.38,333.87549999999993
60,30,-120,-90,1994,400,316.98,399.09,364.7428250000002
60,30,-120,-90,1995,12,271.5,341.6,315.09166666666664
60,30,-120,-90,1996,408,314.0,452.7,372.5230392156862
60,30,-120,-90,1997,586,333.61,397.91,368.55650170648505
60,30,-120,-90,1998,1625,284.3,403.74,361.912756923077
60,30,-120,-90,1999,955,316.16,558.36,378.06780104712067
60,30,-120,-90,2000,299,351.68,399.73,382.7627759197327
60,30,-120,-90,2001,374,320.65,395.59,359.2048395721926
60,30,-120,-90,2002,2064,325.4,371.6,345.1021317829454
60,30,-120,-90,2003,4043,250.92,626.33,369.32238436804374
60,30,-120,-90,2004,342,329.16,389.14,353.9434795321635
60,30,-120,-90,2005,385,288.14,505.35,372.2355844155845
60,30,-120,-90,2010,123,328.7,396.7,376.08373983739824
60,30,-90,-60,1972,2,337.4,353.0,345.2
60,30,-90,-60,1973,2,265.8,281.9,273.85
60,30,-90,-60,1978,28,331.52,367.47,337.74392857142857
60,30,-90,-60,1981,591,216.5,471.17,305.3700846023688
60,30,-90,-60,1982,27,293.93,389.9,323.50555555555553
60,30,-90,-60,1983,21,240.87,386.85,310.40000000000003
60,30,-90,-60,1984,9,277.2,424.15,340.46444444444444
60,30,-90,-60,1985,2,284.48,330.3,307.39
60,30,-90,-60,1987,222,282.94,352.29,316.4007657657659
60,30,-90,-60,1991,410,307.44,393.86,346.25546341463433
60,30,-90,-60,1992,568,309.49,446.02,345.11024647887314
60,30,-90,-60,1993,1503,103.0,444.7,318.6066533599467
60,30,-90,-60,1994,3944,224.4,421.5,322.2024239350913
60,30,-90,-60,1995,821,293.38,416.55,337.15761266747876
60,30,-90,-60,1996,18569,104.2,544.8,344.7851106683192
60,30,-90,-60,1997,895,258.0,430.77,355.98898324022315
60,30,-90,-60,1998,770,278.95,401.05,355.43874025974026
60,30,-90,-60,1999,194,315.77,334.28,323.27448453608235
60,30,-90,-60,2000,908,278.43,315.23,295.97613436123356
60,30,-90,-60,2002,25259,255.71,777.74,362.99659804426267
60,30,-90,-60,2003,3523,276.29,391.72,337.83397104740243
60,30,-90,-60,2004,25015,227.5,2616.85,455.83560263841844
60,30,-90,-60,2005,3601,254.69,498.18,383.4110330463755
60,30,-90,-60,2006,55486,145.8,473.49,374.5887252640302
60,30,-90,-60,2007,88971,128.3,744.5,370.42914893617035
60,30,-90,-60,2008,64021,228.5,519.3,380.02430140110295
60,30,-90,-60,2009,15128,0.11,574.29,351.8672600475944
60,30,-60,-30,1972,11,289.5,330.7,315.54545454545456
60,30,-60,-30,1973,12,228.7,308.0,287.7916666666667
60,30,-60,-30,1981,2399,206.83,584.47,303.3637724051694
60,30,-60,-30,1982,380,293.67,359.61,327.9408157894735
60,30,-60,-30,1983,56,239.54,366.55,306.8958928571429
60,30,-60,-30,1984,39,278.94,424.7,319.26435897435897
60,30,-60,-30,1985,17,223.15,339.13,312.25764705882347
60,30,-60,-30,1991,453,319.12,380.25,337.34518763796893
60,30,-60,-30,1992,814,311.0,385.48,339.3014250614251
60,30,-60,-30,1993,365,305.91,363.37,334.3266301369863
60,30,-60,-30,1994,5239,299.9,427.23,339.3556232105363
60,30,-60,-30,1995,3732,284.91,397.96,328.5748472668809
60,30,-60,-30,1996,8973,274.1,394.06,317.94419369218707
60,30,-60,-30,1997,9929,167.06,656.2,335.6279282908661
60,30,-60,-30,1998,3661,308.95,408.9,367.50813985249954
60,30,-60,-30,2002,42666,293.17,1002.09,343.31211432990887
60,30,-60,-30,2003,28425,206.54,411.59,355.6257825857541
60,30,-60,-30,2004,21303,267.48,413.77,352.4716382669134
60,30,-60,-30,2005,19032,167.71,450.6,354.33054907524195
60,30,-60,-30,2006,6596,320.34,513.09,377.2232656155255
60,30,-60,-30,2007,19135,176.35,686.5,364.2630697674426
60,30,-60,-30,2008,4394,324.7,394.7,357.0347746927627
60,30,-60,-30,2009,488,349.7,393.7,374.4051229508205
60,30,-30,0,1972,1,295.6,295.6,295.6
60,30,-30,0,1973,14,276.3,344.9,299.3
60,30,-30,0,1981,1568,263.18,439.77,322.69151147959167
60,30,-30,0,1982,89,183.4,356.46,329.77382022471903
60,30,-30,0,1983,41,265.57,341.88,314.14682926829283
60,30,-30,0,1984,28,277.79,343.04,317.02464285714285
60,30,-30,0,1985,12,302.56,336.01,323.37083333333334
60,30,-30,0,1989,136,242.65,518.5,360.0449999999999
60,30,-30,0,1990,137,232.78,377.75,314.997299270073
60,30,-30,0,1991,394,273.08,346.47,324.41565989847714
60,30,-30,0,1992,596,288.45,380.96,336.678976510067
60,30,-30,0,1993,1031,288.86,387.39,340.76750727449047
60,30,-30,0,1994,5557,282.35,433.9,333.83996041029314
60,30,-30,0,1995,6480,135.02,412.71,331.65219598765395
60,30,-30,0,1996,5907,265.29,418.54,345.1040443541562
60,30,-30,0,1997,1862,259.13,486.25,330.72215896885086
60,30,-30,0,1998,10165,259.63,431.8,327.9226050172164
60,30,-30,0,2000,730,333.58,454.83,381.8573287671235
60,30,-30,0,2001,2212,319.05,470.26,363.10284358047033
60,30,-30,0,2002,37778,203.58,417.86,349.6900614114038
60,30,-30,0,2003,32422,217.38,482.05,356.12529177718744
60,30,-30,0,2004,28487,332.91,428.04,361.82305367360505
60,30,-30,0,2005,24351,203.55,431.91,352.2642068087517
60,30,-30,0,2006,4682,307.96,481.99,370.3568667236225
60,30,-30,0,2007,6783,252.05,445.24,356.77551673300877
60,30,-30,0,2008,14451,163.1,658.6,365.64387239637307
60,30,0,30,1973,3,322.6,344.3,330.1666666666667
60,30,0,30,1994,615,237.16,444.8,359.31907317073166
60,30,0,30,1995,28,210.42,351.24,293.8635714285715
60,30,0,30,1996,54,322.41,546.08,364.59055555555557
60,30,0,30,2005,8905,235.38,524.16,340.1878674901734
60,30,0,30,2008,38007,103.2,1941.2,502.5995369274075
60,30,30,60,2008,3743,163.3,851.4,454.8887256211605
60,30,120,150,1962,11,278.4,295.7,286.10909090909087
60,30,120,150,1969,1,274.89,274.89,274.89
60,30,120,150,1970,47,278.48,323.68,295.291914893617
60,30,120,150,1973,1,290.3,290.3,290.3
60,30,120,150,1981,36,291.05,344.7,307.67277777777775
60,30,120,150,1982,38,274.64,306.98,285.0836842105263
60,30,120,150,1983,7,279.78,291.38,284.51000000000005
60,30,120,150,1984,44,272.46,309.89,286.82159090909096
60,30,120,150,1985,444,210.37,419.6,293.5766441441443
60,30,120,150,1986,73,277.76,456.77,311.8923287671231
60,30,120,150,1987,170,214.0,419.0,307.6907647058824
60,30,120,150,1988,148,282.18,372.0,298.58006756756754
60,30,120,150,1989,137,277.45,330.09,302.31072992700706
60,30,120,150,1990,244,281.51,388.32,317.99807377049194
60,30,120,150,1991,418,269.4,385.31,310.6051435406699
60,30,120,150,1992,291,267.61,377.8,318.9341237113404
60,30,120,150,1993,3250,285.52,358.45,327.7591323076919
60,30,120,150,1994,1600,287.98,393.39,320.57157500000034
60,30,120,150,1995,4139,185.4,400.3,314.2198912780863
60,30,120,150,1996,4166,186.4,434.7,317.9959145463285
60,30,120,150,1997,3215,145.2,528.6,312.3581897356146
60,30,120,150,1998,9341,120.1,477.83,313.059743068194
60,30,120,150,1999,8579,150.41,498.29,311.64962349924286
60,30,120,150,2000,11753,147.75,447.54,321.0329039394194
60,30,120,150,2001,18022,122.92,466.4,309.5616296748401
60,30,120,150,2002,9158,138.5,562.44,320.8860864817634
60,30,120,150,2003,7548,224.56,513.71,334.8114480657129
60,30,120,150,2004,5816,166.58,540.28,333.5794910591474
60,30,120,150,2005,3796,192.68,521.43,328.61875395152714
60,30,120,150,2006,1713,228.7,418.91,329.98493870402876
60,30,120,150,2007,745,268.93,350.31,318.7136510067116
60,30,120,150,2010,8752,204.7,2336.5,390.1156992687385
60,30,150,180,1962,116,243.8,281.0,257.00086206896566
60,30,150,180,1968,33,293.12,304.47,297.69151515151515
60,30,150,180,1970,497,148.6,515.8,319.8907645875252
60,30,150,180,1973,18,277.5,324.2,291.9388888888889
60,30,150,180,1984,14,314.78,542.26,356.25285714285707
60,30,150,180,1985,600,242.5,527.26,315.74881666666636
60,30,150,180,1986,72,280.0,499.2,334.30375
60,30,150,180,1987,479,216.33,456.0,333.3834029227558
60,30,150,180,1988,64,288.43,363.0,307.34546875
60,30,150,180,1989,24,295.34,332.0,309.4216666666667
60,30,150,180,1990,89,288.03,385.03,330.38674157303376
60,30,150,180,1991,28,292.52,353.91,324.8885714285715
60,30,150,180,1992,114,297.83,386.17,329.0791228070176
60,30,150,180,1993,119,294.14,407.9,334.07571428571435
60,30,150,180,1995,5935,131.8,462.4,340.6478854254425
60,30,150,180,1996,7303,198.3,460.0,347.0604025742829
60,30,150,180,1997,7140,173.9,498.7,341.8551736694691
60,30,150,180,1998,7856,196.4,497.9,347.70591267820777
60,30,150,180,1999,5666,152.8,593.44,348.5026420755383
60,30,150,180,2000,10152,233.21,589.81,363.30023542159125
60,30,150,180,2001,7652,114.84,497.99,366.21367354939815
60,30,150,180,2002,5971,219.74,478.93,343.8749773907228
60,30,150,180,2003,9725,234.52,606.35,348.0057089974296
60,30,150,180,2004,5793,202.34,513.15,346.03855860521213
60,30,150,180,2005,6491,271.45,444.14,339.12762594361425
60,30,150,180,2006,449,271.99,416.68,351.32997772828514
60,30,150,180,2010,13893,133.7,505.9,395.7307636939459
90,60,-180,-150,2003,16740,99.4,519.1,257.48198327359654
90,60,-150,-120,2003,1237,259.9,308.1,289.67251414713064
90,60,-60,-30,1981,279,192.01,488.13,251.5727956989246
90,60,-60,-30,1991,6,298.15,298.95,298.54999999999995
90,60,-60,-30,1993,50,212.7,368.2,303.44879999999995
90,60,-60,-30,1994,13,291.58,344.18,314.4038461538462
90,60,-60,-30,1996,764,289.44,352.01,330.410209424084
90,60,-60,-30,1997,1018,128.53,539.75,317.8095186640473
90,60,-60,-30,1998,2641,244.5,382.7,349.9183263915177
90,60,-60,-30,2003,170,309.16,346.6,331.41270588235307
90,60,-60,-30,2005,3558,215.45,403.56,368.4700674536263
90,60,-60,-30,2006,2904,177.2,389.7,297.2116735537191
90,60,-60,-30,2007,1437,144.1,387.59,256.4065901183019
90,60,-30,0,1972,11,229.0,288.6,253.05454545454543
90,60,-30,0,1981,598,174.63,454.51,256.1208862876254
90,60,-30,0,1982,789,253.45,356.33,305.2916730038023
90,60,-30,0,1983,16,152.0,329.0,268.125
90,60,-30,0,1984,18,194.2,364.0,290.55555555555554
90,60,-30,0,1985,19,231.0,360.0,305.4736842105263
90,60,-30,0,1986,17,239.0,358.0,308.29411764705884
90,60,-30,0,1987,43,218.8,350.0,281.5511627906977
90,60,-30,0,1988,22,266.3,360.4,314.24090909090916
90,60,-30,0,1989,18,262.0,363.0,318.2055555555555
90,60,-30,0,1990,48,111.2,356.1,248.12500000000003
90,60,-30,0,1991,130,241.77,336.33,291.9363076923077
90,60,-30,0,1992,4,452.0,534.65,502.0875
90,60,-30,0,1993,211,213.77,375.7,302.4822274881518
90,60,-30,0,1994,160,202.19,406.92,305.8154374999999
90,60,-30,0,1995,116,248.15,401.1,330.1373275862068
90,60,-30,0,1996,305,284.78,386.21,343.8705245901639
90,60,-30,0,1997,230,190.07,548.05,340.1701739130433
90,60,-30,0,1998,30044,154.7,430.6,312.3471275462651
90,60,-30,0,2003,613,179.09,339.6,300.3539477977162
90,60,-30,0,2005,10697,285.15,409.01,368.2621585491239
90,60,-30,0,2006,24849,153.2,401.1,307.8027325043245
90,60,-30,0,2007,21118,214.8,407.31,333.5862003977634
90,60,0,30,1981,337,162.76,438.36,223.0800296735904
90,60,0,30,1982,793,251.61,333.36,299.89611601513224
90,60,0,30,1984,9,139.4,275.7,220.2777777777778
90,60,0,30,1994,9,274.8,326.38,301.29777777777775
90,60,0,30,2005,268,265.83,386.91,340.19701492537325
90,60,0,30,2008,3079,82.8,2031.1,499.8549204287123
